{
  "accuracy": 0.9666666666666667,
  "precision": 0.961038961038961,
  "recall": 0.9866666666666667,
  "f1": 0.9736842105263158
}