{
  "accuracy": 0.9491525423728814,
  "precision": 0.9594594594594594,
  "recall": 0.9594594594594594,
  "f1": 0.9594594594594594
}