{
  "accuracy": 0.9576271186440678,
  "precision": 0.96,
  "recall": 0.972972972972973,
  "f1": 0.9664429530201343
}